{"cameraMode":{"drawMode":0,"name":"Shaded","section":"Shading Mode"},"sceneLighting":true,"audioPlay":false,"sceneViewState":{"showFog":true,"showMaterialUpdate":false,"showSkybox":true,"showFlares":true,"showImageEffects":true,"showParticleSystems":true,"showVisualEffectGraphs":true,"m_FxEnabled":true},"in2DMode":false,"pivot":{"x":238.47137451171876,"y":26.53175163269043,"z":6.8814496994018559},"rotation":{"x":0.3170066475868225,"y":-0.28491008281707766,"z":0.10046262294054032,"w":0.8990239500999451},"size":126.47037506103516,"orthographic":true}